Hungarian,English
a,the
meg,and
"vagy, van, vagyok, vannak, vagytok","or, there is, I'm, there are, you are"
volt,volt
már,already
kell,must
még,even
és,and
mint,as
"azt, az",that is
akkor,then
sem,nor
lehet,may
mert,because
minden,all
olyan,such
szerint,according to
pedig,however
"ezt, ez","this is that, this"
így,so
után,after
úgy,business
nagy,large
fel,up
majd,then
két,two
nem,no
nagyon,very
"aki, akik, akit, kit, kik","who whom, who, who, who"
most,now
több,more
lesz,become
itt,here
magyar,Hungarian
"ami, amik, amit, mit","which is what, what, what"
első,first
között,between
amely,which
hanem,but also
nincs,there is no
más,other
illetve,or
alatt,under
egyik,one
volna,would be
arra,there
kft.,ltd.
ilyen,such
azonban,However
sok,many
való,real
által,by
amikor,when
számára,for
valamint,as well as
azért,therefore
egy,one
saját,own
jól,well
ember,human
ahol,where
ott,there
annak,its
mindig,always
miatt,for
mellett,next to
kis,small
alapján,Based on
lenne,would be
előtt,before
egész,whole
nélkül,without
lett,became
ezért,therefore
igen,Yes
másik,another
stb.,etc.
teljes,complete
néhány,some
során,during
ma,today
hiszen,because
milyen,what kind of
mely,deep
mind,all
valami,something
viszont,on the other hand
áll,stand
tehát,so
inkább,rather
legyen,be
három,three
tudom,I know
amelyek,which
éves,annual
ezek,these
adott,given
nagyobb,bigger
például,for example
szükséges,required
együtt,together
azok,those
akár,will
tovább,next
ennek,to do so
nekem,me
megfelelő,adequate
őket,them
szó,weave
elég,enough
hozzá,added
erre,to do so
neki,him
ezzel,with this
következő,following
esetén,in case of
mivel,since
ezen,on this
belül,within
éppen,just
közül,of
fontos,important
jobb,right
benne,inside
magát,herself
esetben,case
talán,maybe
különböző,different
voltak,they were
fog,tooth
teljesen,completely
maga,itself
rendszer,system
nap,Sun
egyes,individual
található,located
vele,with him
ebben,in this
kellett,needed
második,second
túl,over
minden,all
egyre,and
csak,just
arról,about
valaki,someone
ennek,to do so
óta,since
emberek,people
egyéb,other
ahogy,as
semmi,nothing
tudja,know
azzal,with that
ugyanis,because
került,cost
ellen,against
mondta,He told
miért,Why
aztán,then
című,as
kicsit,a bit
módon,manner
vissza,back
bár,bar
világ,world
abban,there
legnagyobb,largest
legalább,at least
mindenki,everybody
jelent,mean
újra,again
persze,of course
részt,part
tud,can
kívül,outside
eddig,so far
most,now
össze,together
keresztül,across
biztos,sure
utolsó,last
isten,God
idő,time
azon,that
itt,here
kerül,avoid
szinte,almost
egyetlen,single
dolog,thing
szép,beautiful
mikor,when
mégis,in spite of that
érdekében,in order
felé,toward
mai,present -day
szemben,against
sokkal,much
jog,law
hogyan,how
összes,all
gazdasági,economic
ide,here
nemzetközi,international
szerintem,I think
míg,while
további,further
képes,ability
szakmai,professional
legjobb,best
így,so
amelyet,which
általában,usually
újabb,newer
évi,annual
szóló,solo
tovább,next
kellene,should
hosszú,long
kapcsolatban,in connection
helyi,local
jobban,better
politikai,political
kapcsolatos,related
régi,old
ezek,these
cég,company
szabad,free
egyszer,once
része,part of
azokat,those
emberi,human
teszi,do
készült,made
számos,numerous
közös,common
sikerült,succeeded
rossz,bad
közben,during
hasonló,similar
lévő,being
hazai,domestic
törvény,law
történt,happened
segítségével,with the help of
száma,number
élet,life
kapott,received
igaz,true
mindent,everything
esetleg,possibly
még,even
külön,separate
oldal,side
bizonyos,certain
végén,end
Budapest,Budapest
történő,youth
elő,live
amerikai,American
jelentős,significant
angol,English
évben,year
vonatkozó,relevant
álló,standing
elsősorban,primarily
ország,country
jelenleg,currently
többi,rest
jelenleg,currently
alá,under
európai,European
vagyunk,we are
négy,four
szükség,need
természetesen,naturally
éve,year
évek,years
hát,well
film,movie
melyek,which
azaz,say
megy,go
magas,high
elmúlt,past
lehetséges,possible
pár,par
sőt,indeed
amelynek,which
szintén,also
általános,general
csupán,only
igazán,really
német,German
esetében,case
mintha,as if
később,later
igazi,real
először,first
nemcsak,not only
ahhoz,thereby
ellenére,in spite of
has,stomach
korábban,earlier
fél,half
október,October
közötti,between
sokat,a lot
jelenti,mean
város,city
belső,internal
regisztrált,registered
ismét,again
mert,because
nagyon,very
társadalmi,social
harmadik,third
pont,point
egyébként,by the way
fenntartva,reserved
kérdés,question
kormány,government
Péter,Peter
kisebb,less
már,already
tényleg,indeed
eredeti,original
addig,until
helyen,place
annyira,so much
lehetőség,possibility
oldalon,side
munka,work
voltam,I was
óra,clock
hol,where
helyett,instead of
úgy,business
valóban,indeed
érdemes,worth
soha,never
vált,switch
senki,nobody
tenni,to do
rövid,short
melyet,which
hiszem,believe
mondja,says
lehetett,it could be
megfelelően,appropriately
lehetőséget,opportunity
létre,create
lenni,to be
jött,came
valamit,something
ezért,therefore
férfi,man
hát,well
mintegy,about
ezeket,these
tett,deed
közel,near
egyszerű,simple
hét,seven
egészen,all the
sor,beer
szerintem,I think
korábbi,earlier
utóbbi,latter
adatok,data
linux,linux
gyakran,often
követően,following
kép,picture
nehéz,hard
ugyan,in
rajta,on
venni,buy
amikor,when
meghatározott,defined
akar,will
lehetővé,allow
tagja,member
hat,effect
tudok,I know
melynek,to which
este,evening
felhasználó,user
működik,work
bele,in
igen,Yes
von,draw
persze,of course
róla,about him
jön,come
lehetne,It could be
akkor,then
élő,live
jelen,present
ill,illuminating
végre,finally
különösen,in particular
bár,bar
magam,myself
közé,among
képest,compared
sajnos,unfortunately
felhasználók,users
körül,around
megjelent,appeared
többet,More
fiatal,young
nemzeti,national
vezető,conductor
akinek,to whom
neve,name
ismert,known
napon,on the sun
also,lower
szól,speak
tartozik,belongs to
jár,walk
forint,forint
vagyis,"that is,"
történik,happen
érdekes,interesting
mail,mail
előző,previous
Ferenc,Francis
célja,its goal
oda,there
megint,over again
elején,early
személyes,personal
továbbá,in addition
tudjuk,we know
előre,forward
alkalommal,time
internet,Internet
végül,in the end
szervezet,organization
játék,game
ezen,on this
évvel,year
mivel,since
amíg,until
állami,state
ezzel,with this
komoly,serious
természetes,natural
semmit,nothing
fogja,hold
hatalmas,powerful
folyamatosan,continuously
jelenlegi,current
legfontosabb,the most important
időben,on time
nekünk,us
ebben,in this
egy,one
egy,one
véleményed,your opinion
külföldi,foreign
pontosan,exactly
attól,from
látható,visible
van,have
területén,on the territory
tűnik,appear
sokan,many
született,born
neked,thee
ehhez,to do this
részére,for
speciális,special
csapat,team
helyzet,state
keretében,under
néha,sometimes
jogi,yogi
tart,keep
maradt,left
vett,bought
nekem,me
baj,charm
rendelkezik,possess
tette,did
tartott,held
hivatalos,official
marad,stay
elnöke,president
írta,written by
kevés,few
tehát,so
idén,this year
tartja,holds
napja,day
egyáltalán,at all
minél,as
azonos,same
részben,part
egyszerűen,simply
szeretnék,I would like to
den,den
mint,as
vagy,obsession
alkalmas,suitable
szerinti,according to
egyéni,individual
szent,holy
perc,minute
erről,about this
alig,barely
amennyiben,if
azonnal,immediately
minden,all
jövő,future
legtöbb,most
szinten,also
ideje,time
rendelkező,holding
betű,letter
tudományos,scientific
nekik,them
amelyben,in which
használt,used
országos,national
figyelembe,considering
gyors,fast
külső,external
aki,who
eladó,seller
gyorsan,fast
pontos,accurate
továbbra,remain
erős,strong
elé,edge
lesznek,they will be
válik,become
években,years
mondani,to say
láttam,I saw
Gábor,Gábor
iskola,school
annyi,so much
system,system
tartalmazza,included
mindenkinek,for everyone
egyaránt,alike
legújabb,newest
gondolom,I think
kedves,nice
megyei,county
ingyenes,free
Sándor,Alexander
mar,march
tartalmaz,contain
további,further
tudják,they know
állt,stand
főleg,mainly
erre,to do so
vélemény,opinion
hagyományos,traditional
meg,and
tartozó,belonging
adni,give
jut,come
csoport,group
említett,mentioned
lehet,may
úton,on the way
részét,part of
könyv,book
kulturális,cultural
helyet,place
sajnos,unfortunately
annyit,that much
ebből,from
alábbi,below
ért,understand
kap,gets
fekete,black
mondjuk,let's say
talán,maybe
probléma,problem
üzleti,business
nevű,named
mértékben,degree
napi,daily
név,name
tesz,make
egyet,one
személy,person
utána,after
ment,went
könnyen,easily
szervezetek,organizations
szívesen,willingly
valamilyen,something
oka,reason
kizárólag,exclusively
György,George
sincs,there is no
time,time
fórum,forum
munkát,job
egyébként,by the way
írd,write
nagy,large
egyedül,alone
választ,choose
engem,me
működő,working
jutott,reached
tudni,to know
ugyanakkor,at the same time
francia,French
adja,give
számú,number
végzett,finished
section,sectation
Jézus,Jesus
mire,by the time
belőle,out of
pénzügyi,financial
magyarországi,Hungarian
tudtam,I knew it
társadalom,society
szeptember,September
sokszor,often
tíz,ten
mit,what
szociális,social
mások,others
információk,informations
rendkívül,extremely
látszik,see
központi,central
bizottság,commission
épp,right now
természetesen,naturally
állandó,constant
modern,modern
szerepet,role
írt,wrote
hely,place
összesen,altogether
embert,man
kötelező,obligatory
családi,family
egyben,in one
egymás,each other
lassan,slowly
egymást,each other
nemzeti,national
idején,in times of
annál,that
olyan,such
két,two
szóval,so
mondom,I say
egyszerre,at the same time
valószínűleg,probably
minket,U.S
anyagi,material
tanár,teacher
ekkor,at
egyesült,united
szám,song
függ,depend
Zoltán,Zoltán
anyag,material
század,century
révén,through
király,King
tagjai,members of
látogató,visitor
mutatja,presents
család,family
támogatás,aid
válasz,answer
programok,Programmes
formában,in form
bármilyen,any
miért,Why
bennünket,us
azóta,since then
múlva,Later
eljárás,proceedings
fehér,white
helyezett,placed
elektronikus,electronic
bármely,any
elleni,anti -
nevét,name
közvetlenül,directly
nagy,large
írja,writes
használni,use
leginkább,mostly
tudta,knew
kevesebb,less
érkezett,arrived
önálló,independent
szerepel,appear
ház,house
várható,expected
felett,above
jellegű,nature
ilyen,such
széles,wide
szépen,nicely
képet,picture
oktatási,educational
kereskedelmi,trade
feladata,duties
országos,national
miközben,while
vendég,guest
előbb,before
sikeres,successful
vége,end
valamennyi,all
közvetlen,direct
víz,water
megoldás,solution
november,November
feladat,task
tetszik,like
lány,girl
múlt,past
mögött,behind
igénybe,use
azért,therefore
Imre,Imre
kevésbé,less
alapvető,basic
folyamatos,continuous
dolgot,thing
tudod,you know
jelenik,appear
nélküli,without
elérhető,available
tér,space
látni,see
közt,between
oly,so
hozott,brought
egészségügyi,health
rendszerek,systems
tudnak,they know
héten,week
ami,which
pozitív,positive
képek,pictures
fenti,upper
típusú,type
több,more
téma,topic
melyik,which
végig,all along
azoknak,to those
önkormányzat,municipality
különleges,special
szót,word
amelyeket,which
magasabb,higher
mellé,beside
veszi,take
nem,no
érte,for him
kéne,should
műszaki,technical
magad,yourself
lap,page
ára,price
szempontból,from a point of view
állam,state
többek,more
jellemző,characteristic
mindkét,both
otthon,at home
reggel,morning
szellemi,intellectual
tőle,from him
hamarosan,soon
vezetője,leader
olasz,Italian
biztosan,certainly
könnyű,easy
iránt,for
Tamás,Thomas
termék,product
hónap,month
készített,prepared
intézmény,institution
tudunk,we know
elmondta,said
használható,usable
látom,I see
digitális,digital
indult,started
kapcsolódó,connecting
figyelmet,attention
így,so
kiváló,excellent
vette,bought
nálunk,with us
többször,repeatedly
megjelenő,appearing
területen,area
alakult,formed
zenei,musical
miután,after
technikai,technical
Pál,Paul
biztonsági,safety
bizottság,commission
magukat,themselves
függetlenül,independently
szempontjából,in terms of
szereplő,actor
eddigi,so far
kissé,a bit
mennyire,how
velük,with them
gyerekek,kids
létezik,exists
nyílt,open
termékek,products
akarja,desire
autó,car
állnak,stand
tudott,known
verseny,race
kapcsolatot,relationship
helyes,correct
darab,piece
ezer,thousand
budapesti,from Budapest
történelmi,historical
követő,follower
szerződés,contract
hozzászólások,comments
abból,from
intézmények,institutions
amennyiben,if
tiszta,clean
nyelv,language
nyújt,offer
föl,up
cím,title
május,May
női,female
feltételek,conditions
hasonlóan,similarly
adatokat,data
ezelőtt,ago
anyagok,materials
egyetemi,university
civil,civil
eszközök,tools
pénz,money
majdnem,almost
értem,I understand
sok,many
egymással,with each other
miniszter,minister
kezdve,starting
majd,then
gyermek,child
szerzett,acquired
dolgok,things
rendszert,system
szeretném,I would like to
köszönhetően,thanks
rész,part
nők,women
terület,area
gép,machine
gyerek,Child
rendelkezésre,at will
látja,see
meleg,warm
képesek,are capable of
keres,look for
kész,ready
gyakorlati,practical
feladatok,tasks
segítséget,help
ugye,right
következtében,as a result
egyedi,unique
tartani,hold
társaság,company
jóval,well
írni,write
rengeteg,plenty
kérjük,please
semmilyen,no
rendelet,decree
Attila,Attila
körülmények,conditions
január,January
tegnap,yesterday
önkormányzati,municipal
szintű,level
gond,worry
aktuális,current
pénzt,money
érdekel,care
ideig,time
hírek,news
idegen,foreign
érvényes,valid
időt,time
cikk,article
országban,country
rendszeresen,regularly
máris,now
vár,Castle
súlyos,serious
tavaly,last year
pedig,however
alacsony,low
szolgáltatás,service
járt,went
ennyi,so much
adta,gave
ehhez,to do this
szolgáltatások,services
díj,charge
amint,as soon as
zene,music
jelentette,reported
iskolai,school
tervezett,planned
piaci,market
cégek,companies
hírek,news
tudsz,you know
egyelőre,for the time being
magának,for himself
december,December
milyen,what kind of
hiba,fault
szólt,spoke
elnök,president
vesz,take
legalábbis,at least
számít,count
szóval,so
címmel,with the title
polgári,civil
tevékenység,activity
állapotban,in condition
akiknek,to whom
nehezen,hard
forintot,forint
idei,from this year
hogyan,how
aminek,to which
használata,use
dolgokat,things
Miklós,Michael
feltétlenül,absolutely
kapcsán,in connection with
konkrét,concrete
velem,with me
indul,starts
beteg,patient
írtam,I have written
gondoltam,I thought
utáni,post -post
legfeljebb,up to
kapcsolat,relationship
egységes,uniform
tartalmazó,containing
életét,life
mást,something else
képviselő,representative
hisz,think
előzetes,preliminary
illeti,respect
járó,walking
ettől,from this
napig,day
augusztus,August
Krisztus,Christ
március,March
keresztény,Christian
eltérő,different
lép,step
menni,to go
mindössze,only
nincsenek,they are not
sikerül,succeed
adminisztrátor,administrator
néhány,some
észre,notice
operációs,operating
évre,year
szerepe,its role
fizikai,physical
ráadásul,Moreover
vajon,whether
épület,building
címet,title
szent,holy
lehetnek,they may be
támogatást,support
haza,home
ennél,at
előtti,precedent
esik,fall
különös,strange
internetes,internet
száz,hundred
esett,fell
amire,to which
egy,one
június,June
teszik,make
hirtelen,suddenly
Béla,Béla
fiatalok,youngsters
készül,prepare
unió,union
információ,information
különféle,various
háború,war
programot,program
köteles,obligatory
körében,In the circle of
jövőben,future
részletes,detailed
némi,some
tartó,holder
cél,Target
élete,his life
hasznos,useful
fognak,they will
kötött,knit
együttes,band
megvan,have
nyelvű,tongue
helye,location
mégsem,but not
rendelkeznek,have
évig,year
bizony,truly
kapnak,they get
szeretnénk,we would like to
támogatja,to support
származó,derived
számított,calculated
viszont,on the other hand
embernek,man
információs,information
lelki,spiritual
bal,ball
levő,being
nos,married
szeretne,would like
érintett,affected
tanács,advice
szolgáló,serving
nevet,name
hatása,effect
szöveg,text
ekkor,at
folyamat,process
katonai,military
képzés,training
oldalán,side
történet,history
internet,Internet
egykori,former
kérdések,questions
kerülnek,they are avoided
megye,county
ipari,industrial
hosszabb,longer
névtelen,anonymous
olvasható,readable
akarok,I want
nyitott,open
köszönöm,Thanks
július,July
fogva,detained
utca,street
pályázati,tender
pályázat,competition
esetleges,potential
segíteni,To help
remélem,hope
országok,countries
csinálni,do
néven,under the name
óriási,giant
április,April
orosz,Russian
gazdag,rich
eredmény,result
kicsi,small
hozzászólás,comment
továbbiakban,in the following
dolgozik,work
címe,it's title
kérdést,question
Károly,Charles
havi,monthly
felelős,responsible
személyi,personal
szoftver,software
vettem,I bought
pozitív,positive
valódi,real
egy,one
két,two
értelmében,in terms of
mikor,when
aktív,active
igaz,true
először,first
tökéletes,perfect
kezdett,started
egyetem,University
zöld,green
érzem,I feel
felelősséget,liability
oktatás,education
életet,life
mindegy,all the same
problémák,problems
oldalt,side
nép,people
hang,voice
többen,more
kívánt,required
pontja,point
levelet,letter
messze,far
kezd,start
utoljára,for the last time
szerző,author
tartalma,content
filmet,film
úgy,business
ilyenkor,at this time
kovács,blacksmith
foglalkozó,career
százalékos,percent
apró,small
megadott,specified
barátom,my friend
eddig,so far
szabadon,free
fiú,boy
mondtam,I said
egyház,church
veszélyes,dangerous
honlap,website
kedvenc,favourite
vezet,lead
világban,in the world
ugyanakkor,at the same time
viszonylag,relatively
kultúra,culture
regisztráció,registration
bárki,anyone
úgynevezett,so -called
párt,party
eszembe,to my mind
nyelven,in language
minisztérium,ministry
nyugati,Western
évente,annually
mindenképpen,in any case
használja,use
fent,above
oldalra,to the side
embereket,people
mindenkit,everyone
úgyhogy,so
hozza,bring
maguk,themselves
értelemben,in the sense of
különbség,difference
foglalkozik,deck
ajánlott,recommended
nyert,won
test,body
szabó,tailor
katolikus,Catholic
klasszikus,classic
uniós,EU
helyre,place
kíván,wish
sorozat,series
erősen,strong
egészséges,healthy
alapítvány,foundation
pontot,point
számomra,for me
komolyan,seriously
hátsó,back
ott,there
les,huh
százalékkal,by percent
rendben,in order
éven,year
jelentősen,significantly
valójában,in fact
rögtön,immediately
valamelyik,one of
immár,now
azután,then
információkat,information
tagok,members
független,independent
délután,afternoon
biztosítja,ensure
néz,look
közepén,in the middle
tartom,I hold it
címen,at
várja,Waiting
alatti,below
híres,famous
cikkek,articles
felső,upper
képeket,images
kellemes,pleasant
innen,from here
biztosít,insure
beszél,talk
költségvetési,budgetary
városi,urban
látta,saw
informatikai,IT
öreg,old
biztosítani,to assure
rosszul,poorly
végül,in the end
zárt,closed
következik,follow
kemény,chimney
kivéve,except
meghatározó,decisive
hallottam,I have heard
sötét,dark
hallgatók,I'm listening
közösen,together
általa,through
hős,hero
tartják,are being kept
színes,colorful
hálózati,network
kaptam,I got
üzenet,message
hiába,in vain
tény,fact
lakás,apartment
valahol,somewhere
élni,to live
megoldást,solution
megyei,county
kettő,two
amúgy,by the way
ahogyan,as
tekintetében,respect
remélem,hope
heti,weekly
vállalat,company
közösség,community
akartam,I wanted
szüksége,need
órakor,hour
életben,in life
sokáig,long
látott,saw
ahogy,as
amivel,with
friss,fresh
Mihály,Michael
legyenek,be
ebből,from
iránti,to
fele,half
gyakorlatilag,practically
felhasználása,use
lehetőségek,opportunities
akarsz,you want
mutat,show
szegény,poor
áron,priced
valahogy,somehow
part,party
lakosság,population
másrészt,on the other hand
lényeg,essence
föld,Earth
problémát,problem
részéről,on its part
számítógépes,computer
ismeretlen,unknown
elérni,to reach
per,grayling
negyedik,fourth
világon,on the world
magában,on the own
példa,example
hallgató,listener
folyamán,during
alkalmazott,applied
hozzászólást,comment
eléggé,sufficiently
helyzetben,in a position
százaléka,percentage
közösségi,communal
gyönyörű,beautiful
asszony,woman
mostani,current
pillanatban,at the moment
mielőtt,before
mindenféle,all kinds of
célra,on purpose
oldalak,pages
információt,information
témát,topic
nézve,view
nyugodtan,calmly
szeretem,I like
időszakban,during periods
kerültek,have been avoided
automatikusan,automatically
vizsgálat,examination
épült,built
hivatal,office
adó,tax
fölött,above
más,other
vasárnap,Sunday
orvosi,medical
kapta,obtained
válasz,answer
többnyire,mostly
téren,on the square
nincsen,is not
piac,market
díjat,charge
ezután,then
terén,on the square
folyó,river
máj,liver
világot,world
címre,to the title
jogosult,eligible
véve,in favor of
melyben,in which
egyházi,ecclesial
környezet,environment
kattintva,by clicking
csoportok,groups
fogják,are being tagged
hálózat,network
döntés,decision
szakemberek,professionals
várhatóan,expected
lehetősége,opportunity
férfiak,men
beszélni,speak
körben,round
közönség,audience
egyértelműen,obviously
fogok,I will
hamar,soon
rám,on me
jót,good
munkáját,work
kétszer,twice
lépett,stepped
napot,day
nyári,summer
jogok,rights
folyik,flow
szeretné,would like to
fórum,forum
fenn,up
véletlenül,accidentally
szokásos,usual
ezután,then
projekt,project
utat,the way
régen,long time ago
Tibor,Tibor
története,history
orvos,doctor
kezdődik,begin
kiderült,it turned out
kifejezetten,especially
zenekar,band
érték,value
hatására,as a result of
gyermekek,children
velünk,with us
alól,under
ezúttal,this time
ismeri,know
eszköz,device
számítógép,computer
magyarok,Hungarians
intel,intel
szavazás,vote
kialakult,formed
kapni,to get
leszek,I will be
partner,partner
formájában,in the form of
gyenge,weak
adnak,are given
legjobban,best
igény,need
személyek,persons
grafikus,graphic
végére,at the end of
ugyancsak,also
regionális,regional
miként,how
nőtt,grew
eredménye,result
tekintettel,in view of
játszik,play
útján,on the way
február,February
kérem,Please
alkalmazni,to apply
akart,wanted
nyolc,eight
csodálatos,wonderful
mondott,said
sajátos,particular
csökkent,decrease
vezetői,managerial
méretű,sized
tetszett,I liked it
lista,list
onnan,from there
dolgozni,to work
nyújtott,stretched
hatékony,effective
életében,in his life
gyakorlat,exercise
például,for example
halál,death
levél,letter
többsége,majority
tekintve,in terms of
köztük,including
hideg,cold
mennyi,How much
kedvező,favorable
jelszó,password
joga,yoga
végső,final
üres,empty
lásd,see
forintos,forint
városban,in town
méltó,worthy
román,Romanian
választási,election
okoz,cause
másodperc,second
fejlesztési,developmental
olvastam,I read
illetőleg,respectively
kiemelt,highlighted
megyek,counties
nappal,day
örök,eternal
átlagos,average
hír,news
hány,How many
sms,SMS
different,differential
szervezett,organized
település,settlement
minőségű,quality
író,writer
vezetett,guided
talált,found
megjelenik,appear
kívánja,wishes
rendszeres,regular
tanfolyam,course
kapsz,you get
miután,after
élt,live
alsó,lower
naponta,daily
igazság,truth
erkölcsi,moral
kutya,dog
melyeket,which
dolgozott,worked
templom,temple
szeretet,love
normális,normal
önkormányzatok,municipalities
ingyen,free
kezdte,began
hozta,brought
Mária,Mary
okt,oct
mezőgazdasági,agricultural
döntött,decided
ugyanaz,same
eső,rain
meglévő,existing
előtte,before
ugyanúgy,in the same way
igazgatója,director
kék,blue
negatív,negative
kommunikációs,communicational
egyesület,association
módszer,method
boldog,happy
kérdése,question
szabályok,rules
közölte,told
vonatkozik,apply
meglehetősen,rather
sőt,indeed
szerver,server
nálam,with me
rendszerben,in system
egymástól,from each other
állandóan,constantly
voltunk,we're
magára,on himself
nemzetközi,international
kiderül,turn out
piacon,on the market
amúgy,by the way
zsidó,Jewish
eset,case
tulajdonképpen,in fact
élnek,they live
százalék,percentage
nyelvi,linguistic
est,evening
szerződést,contract
bejelentette,announced
foglalja,occupy
verzió,version
szolgáltatást,service
környezetvédelmi,environmental
engedélyével,with the permission of
fővárosi,capital
történelem,history
nyilván,obviously
mond,tell
napos,sunny
megtalálható,can be found
szerelem,love
alkalmazása,application
használják,use
modell,model
műszaki,technical
egyrészt,on the one hand
csaknem,almost
választott,chosen
gazdaság,Economy
valakinek,to someone
vállal,undertake
kor,circle
jövőre,next year
utcai,Street
elegendő,sufficient
holnap,tomorrow
intézet,Institute
szoba,room
nyilvános,public
határozza,define
napján,day
működését,function
római,Roman
szerzői,author's
anyagot,material
kezdődött,began
akiket,whom
sosem,never
Tóth,Tóth
találtam,I found
ritkán,rarely
görög,Greek
szem,eye
amelyik,which
érzi,feel
mondják,say
értéke,value
tűnt,it seemed
rendőrség,police
kapcsolatba,contact
kínál,offer
bíróság,court
eredmények,results
japán,Japan
napokban,In the days
amelyen,on which
kisebbségi,minority
megbízható,reliable
függően,depending on
alapvetően,basically
dolgozó,working
politika,policy
életpontot,life point
kattints,click
ügyben,in case
karakter,character
könyvet,book
must,must
irodalom,literature
fia,son
számát,number
egyike,one
többé,any more
szervezeti,organizational
akarnak,they want
fajta,species
foglalt,busy
mindennapi,everyday
lemez,plate
rendkívüli,extraordinary
hoz,to
ezáltal,thereby
amit,what
szolgáltató,service provider
fejlesztése,development
népszerű,popular
természet,nature
többiek,others
összeg,amount
abba,in it
alapú,based
irodalmi,literary
tanulók,I'm learning
működési,operational
rájuk,on them
változás,change
lennie,be
kapcsolatok,relationships
változata,version
avagy,or
okozott,caused
jogot,right
sohasem,never
minőségi,quality
extra,extra
későbbi,later
keresek,I am looking for
ennyire,so much
találni,to find
játszani,to play
volt,volt
feladatokat,tasks
rendezett,tidy
időre,on time
gombra,button
fizetni,to pay
előadás,lecture
itthon,home
személyesen,personally
legfőbb,supreme
kedves,nice
fogom,I will take
véget,end
számot,number
könyvtár,library
gondolja,think
falu,village
valamely,one
helyét,place
nevében,on behalf of
képviselői,representative
ebbe,into this
környezeti,environmental
környezetben,in the environment
bármikor,anytime
brit,Briton
jelentése,meaning
bekezdés,paragraph
drága,expensive
állítja,claim
segít,help
kíváncsi,curious
kiadó,publisher
tartotta,held
magunkat,ourselves
legmagasabb,highest
természeti,natural
szövetség,covenant
diákok,students
akarom,I want
fontosabb,more important
elektromos,electronic
mély,deep
azok,those
században,century
amiben,in which
nézni,watch
elől,in front of
vannak,are
elméleti,theoretical
közeli,close
segíti,help
erről,about this
bekezdése,paragraph
terv,plan
játékos,player
hatalom,power
témában,in topic
talál,find
véleményét,opinion
játszott,played
abszolút,absolute
furcsa,strange
ajánlom,I recommend
anélkül,without that
illetően,regarding
tele,full
aránya,proportion
vizet,water
szolgál,serve
tervek,plans
beszélt,spoke
főként,mainly
illetékes,competent
veszik,take
biztosított,insured
kutatási,research
gépek,machines
telefon,phone
hiszen,because
tökéletesen,perfectly
hírek,news
kaptak,they got
egyetem,University
kiegészítő,additional
valós,real
kínai,Chinese
árak,Prices
technológia,technology
lélek,soul
kiállítás,exhibition
három,three
felhasználói,user
címed,address
tavalyi,last year
nyáron,in summer
körüli,around
hiányzik,miss
betegség,disease
értelme,meaning
hit,faith
amiket,as
amellyel,with which
játékok,games
keleti,east
lehessen,be
éjszaka,night
elfogadott,accepted
méter,meter
egység,unit
bennem,in me
tartanak,they hold on to
just,Just
kör,circle
piros,red
szombaton,on Saturday
jelzi,indicates
kereskedelmi,trade
sikert,success
alap,basis
érkezik,arrive
kinek,for who
fejét,head
Európában,in Europe
azonban,However
tegnap,yesterday
nyomán,on the basis of
végéig,until the end
általában,usually
kapható,available
korai,early
értékű,value
területi,territorial
rendelkezésére,at the disposal of
arra,there
finom,fine
téged,you
védett,protected
maximum,maximum
érintő,tangent
számunkra,for us
miniszterelnök,prime minister
ismeretek,knowledges
céljából,for the purpose of
köszönöm,Thanks
világos,clear
lényeges,essential
tétel,item
kérdésre,question
jönnek,they are coming
keresni,to search
vevő,customer
ilyet,like this
központ,center
változások,changes
szempontok,viewpoints
küldj,send
véleménye,opinion
eredményt,result
ráadásul,Moreover
saját,own
tevékenységet,activity
török,Turkish
kiadott,published
esetekben,in cases
zenét,music
isteni,divine
közelében,near
üdv,Hi
szokott,usual
nem,no
úgyhogy,so
szemmel,eye
olvasni,read
mellyel,with
ránk,on us
lehetőségét,opportunity
lettek,they became
add,add
hónapban,month
fontos,important
évet,year
vizsgálata,examination
akkori,at that time
szereti,loves
polgármester,mayor
magába,into himself
eredetileg,originally
események,events
ügy,business
remek,excellent
értek,value
sorban,in line
órát,clock
munkája,work
állat,animal
megállapodás,agreement
életre,to life
kerülő,bypass
várjuk,We are waiting for
játékot,play
közlekedési,transport
mobil,mobile
adat,data
folytatott,continued
nappali,living room
idők,time
alakul,evolve
valaha,ever
rendesen,properly
különben,otherwise
kialakítása,design
lehető,possible
titkos,secret
figyelmét,attention
éreztem,I felt
körülbelül,about
jól,well
társaság,company
másfél,one and a half
ft/db,Ft/pc
figyelemmel,with attention
biztosító,insurance
magával,with you
hozni,to bring
hajlandó,willing
változó,variable
fordult,turned
adatait,data
kivételével,except
betegek,patients
korrekt,correct
elkészült,finished
kategóriában,in the category
távoli,remote
veled,with you
önmagában,in itself
küldött,sent
emlékszem,I remember
időszak,period
helyzetet,position
lényege,essence
hazánkban,in our country
ellentétben,unlike
töltött,filled
megfelel,correspond
alacsonyabb,lower
nála,with him
fény,light
pályázatot,tender
véletlen,coincidence
nyílik,open
rég,long ago
tudomány,science
millió,million
akarta,he wanted
miszerint,as
mindig,always
állatok,animals
kormányzati,governmental
kötet,volume
körű,circular
adják,give
témák,themes
lennék,I would be
alapja,base
ezeket,these
Ltd.,Ltd.
hiánya,deficiency
írásbeli,written
kiss,Kiss
csökken,decrease
tartoznak,belong
javaslat,proposal
mindez,all of this
változott,changed
kettős,dual
tudás,knowledge
eleget,satisfy
korszerű,modern
mindenki,everybody
osztrák,Austrian
kiemelkedő,outstanding
szülők,parents
felnőtt,adult
fejlesztés,development
óráig,until hours
fordul,turn
belüli,within
szerepelt,was featured
gonosz,evil
utal,refers to
fejlődés,development
együttműködés,cooperation
változik,change
tanulmány,study
felül,overhead
földön,on the ground
napra,day
adtak,were given
számtalan,countless
pénteken,on Friday
szavakat,words
interneten,on the Internet
közelebb,closer
végzi,perform
lennének,would be
szolgáltató,service provider
földi,ground
szexuális,sexual
emiatt,Because of this
ifjúsági,youth
értékben,in value
tették,have been made
források,sources
kérni,to ask
nyelvet,language
Katalin,Catherine
vesznek,they take
osztály,class
minimum,minimum
hibát,bug
esemény,event
mód,mode
plusz,plus
érzés,feeling
szánt,plow
stratégiai,strategic
hozzánk,to us
csatlakozás,connection
érkező,arriving
számukra,for them
rend,order
valakit,somebody
feltétele,requirement
határozat,decision
dönt,decide
parlamenti,parliamentary
készülék,appliance
rendes,normal
döntő,finals
alapuló,based
magyarul,in Hungarian
ezeknek,these
látogatták,have been visited
épül,build
várt,expected
emberiség,humanity
déli,southern
változat,variant
lát,see
ugyanolyan,the same
oldalról,from the side
tetején,on top
ősi,ancient
okozta,caused
felel,answer
fórumban,forum
feladatot,a task
kezdő,beginner
értékes,valuable
nehogy,not
sehol,nowhere
olvassa,read
cigány,Gypsy
hőst,hero
erő,force
szoros,tight
feletti,over
javaslatot,proposal
annak,its
szél,wind
országgyűlési,parliamentary
származik,come from
irányuló,mentive
vörös,red
korában,in his age
megjelenése,appearance
jelszót,password
értékek,values
fut,run
módszerek,methods
jelennek,are present
szét,disintegrate
egyértelmű,clear
iskolák,schools
lányok,girls
területek,areas
írásban,in writing
véleményem,my opinion
sokan,many
tekinthető,regarded
igazgató,director
regisztrálva,by registering
támogatása,support
nemzet,nation
iskolában,at school
olvas,read
vonatkozóan,in respect of
tevékenységét,its activities
vállalkozás,undertaking
vallási,religious
mindegyik,each
igényel,need
profi,professional
mentén,along
vállalatok,companies
megszokott,usable
vállalati,corporate
forrás,source
helyén,on site
letölthető,downloadable
helyszínen,on site
rendező,director
halála,her death
energia,energy
készíteni,make
ellátott,supplied
kutatás,research
nyerte,won
hatással,impact
módja,way
Orbán,Orban
köszi,thanks
Kossuth,Kossuth
honlap,website
jogtulajdonos,right -owner
régóta,long ago
nektek,for you
dollár,dollar
művészeti,artistic
lényegesen,substantially
vettek,were taken
közgyűlés,general meeting
hangsúly,emphasis
éri,ripen
alaposan,thoroughly
sárga,yellow
honlapon,website
érdekes,interesting
föld,Earth
előírt,prescribed
úgyis,anyway
amilyen,as
elért,reached
résztvevők,participants
ritka,rare
órás,watchman
tanuló,learner
vállalkozás,undertaking
kér,ask
kívüli,outside
forma,form
hír,news
szerep,role
országokban,in countries
nevezett,named
mondták,they said
hibás,wrong
elemek,elements
tartalmának,contents
lehetőségeket,opportunities
lehetetlen,impossible
századi,century
esti,evening
képzési,training
kezében,in hand
tulajdonosa,owner
leírás,description
gyártó,manufacturer
célszerű,expedient
tudták,they knew
legszebb,the most beautiful
fórumon,forum
konferencia,conference
egyfajta,a kind of
bíró,judge
jelentett,reported
szerepelnek,appear
alapon,on the ground
mára,for today
szeretettel,with love
várom,I look forward to
vették,were taken
eredményeket,results
előnnyel,advantage
részén,part of
szín,color
tettek,have been done
rád,on you
önkormányzat,municipality
amint,as soon as
felvételi,admission
közigazgatási,administrative
kérdéseket,questions
kérjük,please
izgalmas,exciting
üzenetek,messages
támogatási,subsidy
hiányában,in the absence of
legutóbbi,last
szavak,words
pályán,on track
kiválasztott,selected
mindez,all of this
arany,ratio
eltároltuk,We've stored
kár,damage
maximális,maximum
mostanában,recently
öröm,joy
eredményeként,as a result of
könnyebb,easier
húsz,twenty
írásos,written
akció,action
végleges,final
tényleges,actual
cím,title
királyi,royal
köszönjük,Thank You
küldeni,to send
használ,use
kattint,click
siker,success
felsőoktatási,higher education
szint,level
ötlet,idea
nagyszerű,That's great
áfa,VAT
bemutató,demonstration
emelkedett,elevated
látjuk,we see
szocialista,socialist
azért,therefore
használatát,to use
megelőző,prophylactic
jöttek,they came
feleség,wife
legkisebb,lowest
valóságos,real
éppen,just
Hungária,Hungary
módosító,modifying
vezette,led
olcsó,cheap
vizsga,exam
várják,are waiting for
önnek,for you
rendezvény,event
határozott,definite
hülye,stupid
állapot,condition
területeken,in areas
költségek,expenditures
semmiféle,no
környékén,around
határon,on the border
sima,smooth
kiadó,publisher
állítólag,allegedly
eljárást,procedure
kommunikáció,communication
siker,success
távol,far
hol,where
követi,follows
ábra,figure
belépés,entry
technológiai,technological
kutató,researcher
tesznek,they make
szigorú,strict
induló,starting
választás,choice
köztársaság,Republic
működik,work
folyamat,process
oldal,side
fogunk,we will
néző,viewer
lépni,step
kénytelen,be under the necessity of
közben,during
költségvetés,budget
piacra,market
média,media
mindezt,all this
kérem,Please
hétfőn,on Monday
valóság,reality
számon,count
köze,intervals
legfrissebb,latest
mennyiségű,quantity
világháború,world War
pálya,track
átfogó,comprehensive
honnan,from
létező,existing
hozzájuk,to them
üzenetet,message
tudom,I know
adatai,data
megoldani,to solve
szeret,love
próbálja,try
kezdeni,to start
nemi,some
engedély,license
elég,enough
nép,people
válogatott,assorted
dolgoznak,they work
havonta,per month
beépített,built -in
biztonságos,safe
spanyol,Spanish
összeget,amount
tanulni,to learn
kérte,asked
képviselője,representative
akkora,so much
hittem,I believed
teljesítmény,performance
építési,construction
gondolok,thinking
standard,standard
időn,on time
kora,age
valami,something
színű,coloured
informatikai,IT
hallgatói,student
fokozatosan,gradually
indított,launched
ilyenkor,at this time
hozzám,Shall I bring it
történeti,historical
sikeresen,successfully
tárgy,object
hangja,voice
pályázatok,tenders
tudtak,they knew
pusztán,purely
és,and
akarják,they want
beleértve,including
gazdája,owner
épülő,constructive
vélemények,opinions
egyszer,once
megyében,in county
gáz,gas
sport,sports
kérdezte,asked
pedagógiai,pedagogical
fejlett,advanced
fős,personal
vidéki,rural
hátha,maybe
ugyanazt,the same
téli,winter
főváros,capital
programban,in the program
épített,built
szabott,tailor -made
támogatásával,with the support of
jelentkezik,apply
rádió,radio
virtuális,virtual
bonyolult,complicated
sajtó,press
versenyt,racing
fogadta,received
szerdán,on Wednesday
tartós,persistent
érhető,touched
nemrég,recently
album,album
technika,technique
északi,Northern
szabályozás,regulation
lassú,slow
adatbázis,database
mennek,I would go
találhatók,be found
senkit,nobody
csomag,package
jogokat,rights
biztosítása,secure
szolgálja,serve
testi,physical
egyesület,association
kedden,on Tuesday
minimális,minimum
testület,panel
egyenesen,straight
jelölt,candidate
lengyel,Polish
gyorsabb,faster
pápa,pope
eredetű,derived
összege,amount
mutatják,are shown
mutatott,shown
joggal,rightly
elem,element
szöveget,text
készítette,made by
eleve,in the beginning
írás,writing
kellő,needed
kezelés,treatment
szakma,profession
roma,Rome
gyakorlatban,in practice
komplex,complex
levélben,in letter
felől,from
egyedülálló,unique
kialakított,formed
válaszolt,answered
csoda,miracle
szóba,room
ajánljuk,We recommend
következett,followed
filmek,movies
alapul,based
kerületi,district
gondot,worry
ideális,ideal
forgalom,traffic
tekintetben,in respect of
lettem,I have become
később,later
tanulmányi,study
forradalom,revolution
számban,in number
jelenség,phenomenon
szoktam,I get used to
dolgozók,workers
felében,in half
vagyis,"that is,"
folyamatban,in progress
összefüggő,connected
csinál,do
tapasztalatok,experiences
órán,in the lesson
mérték,measure
ahhoz,thereby
vizsgálat,examination
létrehozott,created
tisztában,aware
telefon,phone
múlik,pass
héttel,week
meghalt,died
mellette,beside
amiért,for which
személyre,person
manapság,nowadays
kézzel,with hand
fontosnak,important
hatását,the effect of
kártya,card
gondolat,thought
címét,title
vallás,religion
szobás,bedroom
válaszolni,to reply
elsődleges,primary
SZDSZ,SZDSZ
irányba,in direction
nézett,watched
fővárosi,capital
process,process
szabadság,freedom
hívják,call
szokás,habit
szerencsére,fortunately
elsőként,first
párhuzamosan,parallel
kilenc,nine
stb,etc.
külföldön,abroad
ablak,window
országgyűlés,parliament
minek,for what
szar,stem
részében,part of
növekvő,growing
szűk,narrow
fogjuk,we'll take
hívja,call
helyére,in place
lapot,sheet
államok,states
értéket,value
formája,shape
lépés,step
provides,provides
megváltozott,changed
legyen,be
Németh,Németh
éjjel,night
hangot,sound
levegő,air
előadást,lecture
végtelen,endless
szövetség,covenant
tájékoztatást,information
ennyit,so much
mindenütt,everywhere
nagyjából,roughly
kitűnő,excellent
mégpedig,and
szeme,his eye
egymáshoz,to each other
művészet,art
közgyűlés,general meeting
szervek,organs
library,library
tartották,was held
színház,theater
tevékenysége,activity
ugyanis,because
vajon,whether
telt,full
olyanok,they are
féle,kind of
egyenlő,equal
igyekszik,strive
múzeum,museum
keletkezett,formed
ben,in
gyorsabban,faster
jelentkező,candidate
egymásra,on each other
bármelyik,any
hajó,ship
részletesen,in detail
jogszabály,legislation
Árpád,Árpád
access,Access
embereknek,for people
fiúk,boys
jelentősége,importance
hátrányos,disadvantageous
several,Several
örülök,I am glad
szerezni,get
ismerem,I know
költő,poet
hivatalosan,officially
utcán,on the street
fölé,above
globális,global
stabil,stabile
bizonyult,proved
mértékű,degree
mindjárt,just
lényegében,essentially
bank,bank
hónapos,month -old
tettem,I did
interface,interface
srác,guy
akarjuk,We want to
kapunk,we get
egyéb,other
alkotó,creative
választani,choose
amiről,about
meghatározása,definition
régió,region
kiadás,expenditure
indokolt,justified
mindenesetre,anyway
mire,by the time
bei,bei
kód,mist
nyilvánosságra,public
illető,person
hogyha,that
foglalkozni,to deal with
percig,minutes
művész,artist
berendezések,equipment
web,web
hallani,Hear
gondolod,you think
fogadja,receive
jol,well
szomszédos,adjacent
szomorú,sad
segítő,helper
programokat,programs
addig,until
ifjú,young
emellett,in addition
kérdésekre,to questions
rejtett,hidden
kedvéért,for the sake of
állítani,set
míg,while
távon,in distance
akarunk,we want
hétvégén,on the weekend
antal,Antal
helyzete,position
könyvek,books
back,back
beállítása,setup
régebbi,older
hátra,back
olvasó,reading
integrált,integrated
szembe,face
távú,distance
para,para
központ,center
ötödik,fifth
vicc,joke
gazdasági,economic
gépet,machine
válnak,become
első,first
írd,write
változtatni,change
különösen,in particular
közti,between
fórumot,forum
általános,general
csütörtökön,on Thursday
jók,goods
azóta,since then
túli,beyond
mekkora,how big
hagyja,leave
könnyedén,lightly
semmi,nothing
mozgalom,movement
mail,mail
koncert,concert
kezelni,to treat
abban,there
fejezet,chapter
találtak,were found
igencsak,very much
meglepő,surprising
száraz,dry
tartalmi,content
kijelölt,designated
magától,by himself
latin,Latin
egyidejűleg,at the same time
torta,cake
kis,small
hangzik,sound
kezdtem,I began
írok,I write
döntést,make
várnak,are waiting for
ahonnan,from where
példát,an example
tulajdonos,owner
intézményi,institutional
inkább,rather
senkinek,to anyone
kosár,basket
bármi,any
kifejezés,expression
kezét,hand
javasolt,recommended
összesen,altogether
máshol,elsewhere
port,dust
életének,life
igényes,demanding
nyitva,open
csapatok,troops
forró,hot
biológiai,biological
hivatal,office
böngészi,browser
varga,Shoemaker
kapcsolódik,connects
dokumentumok,documents
tárgyak,things
kint,outdo
számában,in his number
bruttó,gross
utcában,on the street
endre,endre
ugrás,jump
alkalmával,on the occasion
hatást,impact
magazin,magazine
küldd,send
szakember,specialist
kicsit,a bit
részletek,details
részvétel,participation
fekszik,lie
járnak,they walk
felhasználókat,users
színházi,theatrical
világszerte,worldwide
klub,club
terjed,spread
összhangban,in accordance with
vendégek,guests
alakú,shaped
százalékát,a percentage of
given,Given
tanárok,teachers
olykor,sometimes
akivel,with whom
ifjúsági,youth
olyat,like
csendes,quiet
területet,area
erőt,force
hetente,weekly
megjelent,appeared
szovjet,Soviet
püspök,bishop
törvényben,by law
demokratikus,democratic
tőlük,from them
amelyre,on which
jel,signal
átmeneti,temporary
villamos,tram
fordított,reverse
illik,fit
tárca,wallet
jegy,ticket
hagyta,let it
molnár,miller
műsor,show
felesleges,unnecessary
kiadása,release
hamarabb,earlier
rendszere,system
rosszabb,worse
gyakori,frequent
ingatlan,real estate
jogát,right
találta,found
nap,Sun
ellenőrzés,control
halálos,deadly
politikus,politician
ismerik,they know
perces,minutely
fekvő,lying
gondolkodás,thinking
közzé,publish
adták,were given
java,Java
igazából,truly
reggeli,breakfast
megoldások,solutions
noha,although
forduló,turn
állást,stand
autót,car
általuk,through them
készítése,prepare
nyugodt,calm
erdélyi,Transylvanian
túlságosan,too
bek,bek
állami,state
tilos,forbidden
eladó,seller
feb,feb
egészében,as a whole
tartalmaznak,they contain
Szeged,Szeged
unalmas,boring
egyik,one
számok,numbers
magunk,ourselves
egyház,church
vesszük,We'll take it
növekedés,growth
hova,where
emellett,in addition
felsorolt,listed
egyúttal,at the same time
bácsi,Uncle
utazás,travel
tudományos,scientific
látják,they see
isten,God
színész,actor
határidő,deadline
bűn,sin
valamivel,something
célú,purpose
érthető,understandable
normál,normal
akarod,do you want
lehetőleg,preferably
művészi,artistic
csapata,team
tőlem,from me
jelentkezett,applied
megvalósítása,implementation
egészet,all the whole
szeretnél,you want
érezte,felt
elismert,acknowledged
törvények,laws
mért,because
durva,rough
kaptál,you got
megrendezésre,on the basis of
névre,by name
szerettem,I loved
mélyen,deep
apja,father
folyt,rushed
találunk,we'll find
keresett,sought
anyagokat,materials
szélesebb,wider
klub,club
szemét,junk
csökkenti,reduce
tel,winter
tegnapi,yesterday
bekezdésében,in paragraph
cseh,Czech
csakis,only
tanult,learned
special,specialty
kapja,get
ülésén,in his seat
színház,theater
jártam,I went
tanács,advice
kis,small
házban,in house
órától,from hour
szerencsére,fortunately
szerv,body
szert,agent
kéri,asks
futó,heating
istennek,to God
rajtuk,on them
idősebb,elder
hete,a week ago
találták,was found
tartalmát,contents
délelőtt,morning
bizonyára,surely
mögé,behind
írj,write
ahová,where
számának,number
képviselők,representatives
kelt,dated
azokkal,with those
hazánk,our country
hamis,false
vér,blood
tegye,put
érinti,touch
műanyag,plastic
vezeti,lead
terméket,product
kezelése,his treatment
können,robe
fejlesztők,developers
amíg,until
pályázó,candidate
elvileg,in theory
növények,plants
munkák,works
közepes,medium
szolgáltatásokat,services
problémád,problem
kérek,wheel
korban,at age
gyári,factory
nemes,noble
feltételeket,conditions
vállalkozó,entrepreneur
sokféle,diverse
oldalakon,on sides
minisztérium,ministry
bennük,in them
mind,all
teszt,test
bemutatott,presented
azonnali,immediate
témához,to the subject
alkalmazható,applicable
okok,reasons
bekezdésben,in paragraph
alapos,thorough
őszi,autumn
eszközöket,assets
tök,pumpkin
hatóság,authorities
igaza,truth
munkatársai,co -workers
típus,type
Medgyessy,Medgyessy
várni,wait
véleményt,opinion
pap,priest
támogatott,supported
hölgy,Lady
pártok,parties
bármit,anything
beszélgetés,talk
mentem,I went to
felújított,renovated
jellemzi,characterize
helyesen,correctly
mester,master
tűz,fire
szoftvert,software
Jézus,Jesus
látványos,spectacular
elengedhetetlen,indispensable
baráti,friendly
találja,find
újat,new
Judit,Judith
időnként,sometimes
végző,ender
választások,elections
arányban,in proportion
beruházás,investment
vagyon,wealth
mindenhol,everywhere
szempont,point of view
minőség,quality
versenyen,in competition
összefüggésben,in context
cikket,article
otthoni,home
bemutatása,demonstration
létrehozása,creation
tavaszi,spring
anya,maternal
pontosabban,more precisely
por,powder
programs,program
beszélve,to speak
érdemes,worth
másodközlése,secondary
közülük,among them
ettől,from this
újból,again
national,national
teve,camel
legtöbbször,mostly
célok,goals
éjszakai,overnight
linkre,to the link
főbb,main
közelmúltban,recently
kht.,kht.
készülő,preparing
vállalt,committed
diák,student
kerülhet,can be avoided
kerülni,to avoid
nyár,summer
jogszabályok,legislation
legközelebb,next time
készültek,were made
funkció,function
ereje,power
amin,amin
országot,country
röviden,short
Széchenyi,Széchenyi
általunk,through us
bátran,bravely
research,Research
come,come
mérkőzés,match
családok,families
újság,newspaper
beszéd,speech
ellene,against
számos,numerous
ellátás,supply
hangsúlyozta,emphasized
mutatta,showed
einem,einem
másikat,another
erővel,by force
csomó,knot
szerves,organic
hihetetlen,incredible
résztvevő,participant
táblázat,spreadsheet
stratégia,strategy
alkalmazások,applications
önkéntes,voluntary
kocsi,car
mindkét,both
kizárólagos,exclusive
percben,in minutes
forgalomba,on the market
keveset,few
hetes,seven
alapító,founder
olcsóbb,cheaper
térkép,map
hatósági,regulatory
káros,harmful
ilyesmi,something like that
mer,dare
erősebb,stronger
rögzített,fixed
ezenkívül,Besides that
jegyében,in the spirit of
web,web
varázslatot,magic
utána,after
gondolta,thought
SMS,SMS
éles,sharp
vers,poem
valamikor,sometime
dal,song
melletti,beside
támogató,supportive
édes,sweet
későbbiekben,later
dolga,work
másképp,differently
hatás,effect
nyújtani,to stretch
átlagosan,average
módosított,modified
megadni,to give
képen,on the picture
tényleg,indeed
vékony,thin
honlapján,on your website
teljesen,completely
anyanyelvű,native
eszközökkel,by means of means
harc,fight
okból,for a reason
alkalmából,on the occasion
eredményes,successful
köszi,thanks
mégis,in spite of that
szlovák,Slovak
jöhet,can come
állította,set
végezni,finish
tartalom,content
szerzők,authors
használatával,by using
találkozó,meeting
ajtó,door
betegségek,diseases
illő,volatile
álltak,were standing
keresi,seek
hal,fish
hozzászólására,to comment
lefelé,down
szex,sex
fantasztikus,fantastic
mondható,saying
nyomtatott,printed
tartjuk,we keep
csatorna,channel
történetét,in the story of
szak,Major
uralkodó,ruling
tényező,factor
nyilatkozta,declared
teli,winter
leggyakoribb,most common
élmény,experience
megnézni,watch
megtörtént,happened
irányban,in the direction of
teret,space
arany,ratio
irányár,price price
oktatási,educational
támadással,with an attack
debreceni,Debrecen
mutató,index
egymásnak,to each other
leírt,written
működése,function
újonnan,newly
mindenesetre,anyway
adhat,can
biztos,sure
létrehozni,to create
felek,I'm afraid
kar,damage
egyenes,straight
szólva,to say
község,village
szinte,almost
social,social
zajlik,take place
hősöd,hero
szorosan,close
könyvtár,library
mondjuk,let's say
másként,otherwise
felhasználható,usable
tapasztalat,experience
foglaltak,busy
védelmi,defense
nehezebb,harder
ünnepi,festive
tehet,can
igazad,be right
professzor,professor
elfogadta,accepted
szigorúan,strictly
bizonyítja,demonstrate
honlapja,website
köszönhető,due
jutnak,they get in
részének,part of
népi,folk
egyre,and
jobbra,right
szakértők,experts
vezetésével,by guiding
feje,head
szakértői,expert
fogalma,idea
szeretett,lovely
könyve,book
eredményei,results
nevelés,education
találsz,you will find
mailben,mail
okos,clever
DVD,DVD
tartunk,We're holding
képezi,form
zene,music
irányába,in the direction of
harminc,thirty
angolul,in English
leveleket,letters
iroda,office
vezetők,leaders
magyarság,Hungarians
fogsz,you are going
van,have
konyha,kitchen
ülés,seat
tisztelt,respected
kutatások,research
könyv,book
melyen,deep
választotta,chosen
tisztán,purely
gyakorlat,exercise
folytatni,continue
rövidebb,shorter
értünk,ours
vehető,obtainable
fizetési,payment
terem,room
használnak,are used
önmagát,self
érzelmi,emotional
magához,to himself
portál,portal
dollárt,dollar
jellegzetes,characteristic
előtt,before
központi,central
bőr,wine
viszonyok,context
hagyott,left
tartottak,were held
demokrácia,democracy
keresés,search
esetek,cases
akad,lags
tekinti,look at
váltak,have become
állapota,its state
nettó,net
játékok,games
halad,move
állni,stand
azokra,to those
ezekkel,with these
követte,followed
problémákat,problems
szerkesztőség,editorial staff
kritikus,critic
középkori,medieval
jutottak,they have come
felszerelt,equipped
gépen,machine
hiteles,authentic
értékét,value
valószínű,likely
linkek,links
egyes,individual
kötelezettség,obligation
öröm,joy
jutni,to get
orvosok,doctors
működnek,work
igények,needs
befolyásolja,influence
hónapja,month
rendőr,policeman
leszel,you will be
értelmes,intelligent
gondolom,I think
szolgálat,service
maradtak,have been left
vállalja,to take
helyzetbe,in position
valamiféle,sort of
barna,brown
vállalunk,We're going to take
jelek,signs
támogatások,subsidies
rendszerint,usually
hagyni,to leave
védelme,defense
előadások,presentations
kezdeti,initial
sebezve,wounded
külön,separate
bír,bear
ötven,fifty
helyzetét,the position of
biztosítási,insurance
csak,just
akadémia,academy
valóban,indeed
könnyebben,easier
növeli,increase
szabályokat,rules
követ,follow
szerinte,he said
soron,in turn
Petőfi,Petofi
felhasználóknak,to users
távközlési,telecommunication
néztem,I watched
aláírás,signature
érdekelt,interested
korlátozott,limited
Jenő,Jeno
férje,her husband
Anna,Anna
földrajzi,geographical
felmérés,survey
testét,body
vezetése,led
létrejött,created
forgalmi,traffic
felmerült,raised
nevezte,named
csengőhang,ringtone
felsőfokú,advanced
pillanat,moment
készülnek,are prepared
néha,sometimes
témája,theme
kulturális,cultural
vastag,thick
parancsot,command
kényelmes,comfortable
PHP,Php
BBCode,Bbcode
érdeklődés,interest
név,name
bizonnyal,certainly
elhelyezett,placed
elfogadja,accept
elsősorban,primarily
mondat,sentence
ügyében,in case
feltételeit,the conditions of
simán,smooth
hasonlít,compare
tömeg,crowd
szeretnének,they would like to
csoportba,in group
gomb,orb
idős,elderly
ketten,two of us
járni,to walk
napok,days
tekinteni,to consider
összetett,complex
különbséget,difference
üzeneteket,messages
szegedi,from Szeged
ugyanazon,on the same
interneten,on the Internet
önállóan,independently
hangulat,vibe
béke,peace
kategória,category
árt,harms
jelentés,report
pályára,on track
ide,here
pontok,points
feltételei,conditions
mesterséges,artificial
készen,ready
álláspontját,his position
esélye,chance
fogyasztói,consumer
kijelentette,declared
adatot,data
jelentő,report
results,results
dolláros,dollar
elküldjük,we will send
zavar,confusion
alkotott,created
mintha,as if
vegye,take
vegyes,mixed
földre,on the ground
tagjainak,members
iroda,office
eltelt,end
üzlet,business
legendás,legendary
adunk,We'll give you
késő,late
egyén,individual
vinni,to take
főiskolai,college
maradnak,they remain
szabvány,standard
vezetés,management
kér,ask
szerencsés,lucky
bor,wine
versenyző,competitor
átlag,average
szombat,Saturday
használjuk,we use it
leszünk,we will be
fogod,you will
szintjén,level
szeretnek,they love
tanulás,learning
politikusok,politicians
tükrözik,reflect
szenvedett,suffered
statisztikai,statistical
kerület,district
közölt,communicated
keresünk,we search
gyere,come
birtokában,in possession of
halott,dead
köt,bond
szürke,gray
elindult,has started
iskola,school
megyünk,we're going
igenis,yes
Ágnes,Ágnes
módosítása,modification
ellenében,against
okozhat,can cause
mit,what
ezekben,in these
tárgyi,objective
ült,sit
támogatására,to support
eljárások,procedures
látták,have been seen
parlament,parliament
nézzük,let's see
megtalálja,find
kísérleti,experimental
helyeken,in places
kereső,search engine
tudod,you know
másnap,the next day
neves,renowned
kérdésben,on the question
hírlevelünkre,to our newsletter
szépségápolás,beauty
tenger,sea
újabb,newer
bőven,abundant
bejelentkezve,by logging
mentek,you go
lépéseket,steps
túl,over
keretek,frames
dinamikus,dynamic
haladó,advanced
közszolgálati,public service
kémiai,chemical
hatályba,into force
kellemetlen,unpleasant
uram,sir
mozgás,move
Debrecen,Debrecen
hadd,let me
memória,memory
megmaradt,left
hirdetés,ad
tuti,sure
szept.,Sep.
leendő,prospective
mindenkinek,for everyone
törvényt,law
szakasz,platoon
történhet,can happen
készít,make
kívánok,I wish
javára,in favor of
igényt,claim
híreket,rumors
tudna,could
utazási,travel
ellentétes,opposite
esetleg,possibly
foglalkozott,was occupied with
lelkes,enthusiastic
területe,area
térség,region
kölcsönös,mutual
szoftverek,software
többféle,multi -type
javítása,repair
vizsgált,examined
megjegyzés,comment
erők,forces
továbbá,in addition
mennyit,how much
kaptunk,we got
képtelen,incapable
vetett,sowed
alapított,founded
elég,enough
akik,who
lévén,be
kezdi,start
szerep,role
berendezés,equipment
játékosok,players
kormányzat,government
processzor,processor
szép,beautiful
mindenre,for everything
télen,in winter
arány,ratio
fejlődése,development
érzékeny,sensitive
idővel,with time
halt,dead
Simon,Simon
folytatja,He continues
bent,inside
számítástechnikai,computing
fed,cover
bajnoki,champion
engem,me
neked,thee
állunk,we stand
verziója,version
elküldöm,I send it
kérdésed,question
következménye,consequence
meghaladja,exceed
engedélyt,permission
programja,program
igénylő,demanding
bécsi,Vienna
nyilvánvaló,obvious
végett,for
idén,this year
picit,a little
elterjedt,widespread
után,after
alábbiakban,in the following
államokban,in states
látod,you see
látszott,seemed
épületek,buildings
Matáv,Matáv
vidám,happy
őszinte,honest
gyártók,manufacturers
baleset,accident
szerelmes,lover
farkas,wolf
kivétel,exception
Bálint,Ballint
várunk,we wait
bajnok,champion
végre,finally
katona,soldier
bemutatni,to showcase
tárgyalások,negotiations
választották,was chosen
listája,list
részvételi,participation
frissen,fresh
GSM,GSM
tényezők,factors
sorra,in turn
felület,surface
írott,written
következők,as follows
alkalmazás,application
visszatért,came back
tudomásul,acknowledge
faj,species
téve,camel
elhangzott,taught
termékeket,products
házi,homemade
automatikus,automatic
elérte,reached
komolyabb,more serious
áruház,store
tudtuk,we knew
növekedése,increase
felét,half of
nagyot,great
minél,as
mégiscsak,yet
rövid,short
célt,target
gyakran,often
tevékenységek,activities
eredményeit,the results of
végezte,graduated
élünk,We live
tanári,teacher
mindenkori,at all times
vallásos,religious
BSD,Bsd
olvasás,reading
szóban,orally
felhasználásával,using
Ádám,Adam
igénye,need
előnye,its advantage
bizonytalan,insecure
ezekre,for these
játszanak,they play
írd,write
települések,settlements
október,October
változást,change
Norbi,Norbi
pontban,point
Róbert,Robert
alján,at the bottom
mérete,size
megjelölt,marked
gondolatok,thoughts
szolgáltatások,services
leírása,description
érdekeit,interests
védelem,protection
szövegek,texts
derül,become clear
árát,reap
alkalom,occasion
közöttük,among them
szintre,level
oldali,side
kommunista,Communist
évesen,at the age of
szobában,in the room
egykor,once
hibák,mistakes
sajna,Unfortunately
privát,private
ügyvezető,executive
egyszerűbb,easier
hamarosan,soon
elképzelhető,conceivable
Mátyás,Matthias
ily,Ily
szeretnéd,you would like
rendszerváltás,change of regime
növekszik,grow
eltűnt,disappeared
bocs,sorry
bevezetése,introduction
enyém,mine
modellek,models
eleme,element
jelszavad,password
bíróság,court
intézkedések,provisions
támadás,attack
kevesen,few
számító,calculating
tapasztalt,experienced
biztonság,safety
fordítva,vice versa
sorsa,fate
építeni,build
témákat,topics
programmal,with a program
helyébe,replace
hatású,impact
útra,on the way
elment,went
postai,postal
vízzel,water
holott,although
várost,city
foglalkoznak,are dealt with
neten,net
elkövetett,committed
miről,about what
kapitány,captain
szavazást,vote
hatályos,applicable
szótár,dictionary
hálózatok,networks
maradjon,to stay
ilyenek,they are
csatlakozási,connection
tartva,holding
beszélnek,they speak
tölti,fill
találkozik,come across
szeretik,they love
stílus,style
buli,party
nyomon,trace
szellem,spirit
képe,imagery
hagyjuk,forget it
folytatta,he continued
gondoskodik,take care
fiatalabb,younger
belföldi,domestic
fejlesztési,developmental
sérült,injured
fiam,my son
fák,trees
látogatta,visited
teszem,I will make
balra,left
vonal,line
játszó,playful
felfelé,up
munkával,by work
fájl,file
lakossági,residential
maga,itself
véli,believe
érdeklődők,those interested
felhasználni,to use
megtekintéséhez,to see
formátumban,in format
nevezik,be called
előre,forward
működésének,function
híd,bridge
partján,coast
életem,my life
közepette,in the midst of
céllal,aim
végez,perform
közeljövőben,in the near future
alkotmányos,constitutional
ismét,again
válaszul,in response
hozták,have been brought
alapítvány,foundation
nemcsak,not only
hozzászólásra,post
MÁV,Máv
jelezte,indicated
ingyenesen,free
figyelem,Attention
hiába,in vain
szereplők,actors
lapok,pages
kidolgozott,elaborate
kezdtek,they started
gondolni,to think
követni,follow
nyilvánvalóan,obviously
tárgya,object
alternatív,alternative
megjelenés,appearance
ugyancsak,also
maradni,stay
pesti,Pest
bírósági,judicial
rajtam,on me
anyanyelvi,native
próbáltam,I tried
barátja,Friend
menj,go
mozog,move
fejlődő,developing
keze,hand
szöveges,textual
forinttal,forint
szembeni,opposite
hónappal,month
megállapított,established
benyújtott,handed in
írtak,were written
meccs,match
terjedő,spreading
utólag,retrospective
MDF,MDF
földet,land
intenzív,intensive
levelek,letters
puszta,desert
elfogadható,acceptable
folytatódik,continue
kerüljön,to avoid
szálloda,hotel
méteres,meter
szövetsége,alliance
optikai,optical
érdeklődő,interested
letöltődik,download
kezelésére,to treat
úti,travel
direkt,direct
harci,combat
elfogadni,to accept
szükségessé,necessity
Németországban,in Germany
ismereteket,knowledge
ősszel,in Autumn
szilárd,solid
hoztak,have been brought
egyebek,more
romantikus,romantic
mindezek,all of
kevesebbet,Less
tisza,Tisza
viszi,take
parancs,command
szólnak,they speak
állít,set up
felvétel,pick -up
hatóságok,authorities
vasúti,railway
megszűnik,cease
társkereső,dating
csúnya,ugly
szerkezet,structure
arról,about
amihez,to which
holland,Dutch
hőmérséklet,temperature
megvalósítani,to realize
kérlek,please
köré,around
tájékoztató,informative
energiát,energy
alkalmazásával,by applying
svéd,Swedish
kezeli,handles
töltötte,spent
műve,work
dupla,double
csapatot,team
időpontja,Time
magazin,magazine
félév,semester
követelmények,requirements
mobilodra,your mobile
városok,cities
karaván,caravan
reklám,advertising
kapcsolódó,connecting
péntek,Friday
iraki,Iraqi
közlekedés,transport
jelentenek,report
nyújtó,stretching
akárcsak,as well as
művek,works
ülésen,in seat
lépést,step
zajlott,happened
ajánlani,recommend
találkoztam,I met
fáj,species
korán,early
ideiglenes,temporary
utak,roads
állomány,stock
anyja,mother
tervezés,planning
tanulmányok,studies
legjelentősebb,most prominent
helyette,instead
tűnő,seemingly
egyszerűen,simply
szólni,to speak
időm,shape
szavazni,to vote
nevek,names
eszébe,reminded
jónak,good
határozottan,firmly
termelés,production
lehetőségeit,potential
segítség,help
kezébe,in hands
kezdetben,initially
Amerikában,In America
vonatkozásában,in respect of
félig,half
enni,to eat
böngésző,browser
minősül,it counts as
számítógépek,computers
hadsereg,army
felelősség,responsibility
feladó,sender
csekély,low
ismerte,he knew
címszó,heading
folytán,on the basis of
tőlünk,from U.S
teljesítményt,in power
kortárs,contemporary
tartalmazzák,are included
részletek,details
használat,use
hangzott,sounded
fizetett,paid
katonák,soldiers
sebesség,speed
tagállamok,Member States
államtitkár,secretary of state
azon,that
kiadvány,publication
fáradt,tired
beállítások,settings
varázspont,magic point
állítják,are set up
nyilatkozott,declared
éppúgy,just as
HUF,Huf
rendelkezés,provisions
szóbeli,oral
házat,house
logikai,logical
világa,world
fórumhoz,forum
tanfolyamot,course
üveg,glass
járok,I'm walking
beszélünk,we are talking
érteni,to understand
előbbi,former
előfordulhat,can occur
amelyeknek,to which
képezik,form
befektetési,investment
református,Reformed
KDE,Kde
róluk,aboutt hem
ókori,ancient
hat,effect
érvek,reasons
elemzése,analysis
jelenet,scene
vízben,in water
szülő,parent
használati,use
adminisztrátorral,with an administrator
választható,optional
oszt,divide
literes,liter
látok,I see
szebb,more beautiful
RTL,RTL
rugalmas,flexible
megszűnt,ceased
fórum,forum
útját,way
színvonalú,level
vmi,vmi
szolgálati,service
melyik,which
jármű,vehicle
készülékek,appliances
csillagok,stars
megteheted,you can do it
gyereket,child
napjainkban,nowadays
kategória,category
értékeket,values
lábát,leg
híján,lame
megoldása,resolve
szeretek,I love
kiadta,published
formák,shapes
szervezők,organizers
nyilvánosság,public
emelkedik,rise
meghaladó,exceeding
egyelőre,for the time being
császár,emperor
Pécs,Pécs
alkotás,creation
szerveren,server
akkoriban,back then
azzal,with that
amelyekben,in which
pici,small
illegális,illegal
változatos,varied
kar,damage
hozzászólásokat,comments
derült,clear
NATO,NATO
kovács,blacksmith
félelem,fear
csatlakozó,connector
megállapodást,agreement
technológiák,technologies
közhasznú,public benefit
fejlesztő,developer
PHP,Php
megelőzően,before
tudná,could
okokból,for reasons
minősége,quality
viccet,joke
hívta,he called
helyezi,place
előfordul,occur
egyszemélyes,one -man
tőke,capital
merre,where
világában,in the world
egész,whole
elolvasni,read
érettségi,graduation
érdekli,interested in
város,city
egyszeri,one -time
irányító,governing
tartozott,owed
társaságok,companies
iskolába,to school
magamnak,for me
büszke,proud
ismerete,knowledge
igen,Yes
ajtót,door
tantárgy,subject
felmerülő,arise
értékelő,evaluator
légy,fly
vírus,virus
települési,municipal
erejét,power
optimális,optimal
figyelembevételével,in mind
istent,god
hosszú,long
figyelni,to pay attention
életbe,into life
sorrendben,in order
törvényi,legal
pontjában,at the point
élek,I live
hivatkozva,in reference to
közreműködésével,with the help of
azonosító,identifier
hónapig,month
foglal,occupy
jöttem,I came
kézi,hand
réteg,layer
vitát,debate
megéri,worth it
hétig,for a week
bennünk,in us
tanácsot,advice
érzik,feel
gyermeke,child
főiskola,college
amiből,from which
költség,cost
képzett,skilled
ezeken,on these
tapasztalható,experience
mindenben,in everything
sebességgel,at speed
doktori,doctoral
pár,par
fórumba,forum
melyre,on which
nyújtanak,stretch
vezetni,drive
forrása,source
veszem,I take it
tulajdona,owner
küldése,send
választja,to choose
múzeum,museum
ennyi,so much
próbál,try
hagyomány,tradition
tudós,scientist
fok,degree
ezüst,silver
másikra,to another
fej,head
szövetségi,federal
írva,written
ellenfél,opponent
kárt,damage
javítani,to correct
regisztrálva,by registering
kérdésekben,in questions
módját,way
aláírás,signature
elemi,elementary
módszerrel,by means
engedélyezett,authorized
sok,many
munkatársa,co -worker
fogalmazott,written
elhunyt,deceased
eredményét,result
feldolgozása,processing
amelyből,from which
emelt,raised
találkozott,met
határ,border
megfogalmazott,formulated
szőke,blond
állítható,adjustable
rendszerrel,with system
darabot,piece
napvilágot,light
nőt,woman
kegyetlen,cruel
lény,being
levelező,correspondent
biztonságot,in security
válaszok,answers
sport,sports
származású,descent
köre,circle
ismerjük,we know
ismerős,familiar
arab,Arabic
tudatos,conscious
irányú,directional
helyben,in place
valószínűleg,probably
filmje,film
számolt,calculated
baloldali,left -wing
mindannyian,we all
érti,understand
általam,by me
teljesítése,fulfillment
kapcsolata,relationship
érezni,feel
aztán,then
találkozunk,we meet
elnök,president
most,now
vásárolni,to shop
megrendezett,arranged
asztali,table
élők,alive
tesszük,We'll do it
teljes,complete
csatlakozott,joined
akár,will
kedvem,my mood
hallgatni,listen
televízió,television
kislány,little girl
férfit,man
vásárolt,bought
tábor,camp
lásd,see
egyetemen,in university
csomagok,packs
utoljára,for the last time
hiszi,believe
tehetséges,talented
tavasszal,in spring
legkésőbb,no later than
alakja,shape
adjon,give
témákhoz,to the topics
fesztivál,festival
csupa,all
listát,list
autók,cars
törvényes,legal
modul,module
kérdésem,my question
melléklet,attachment
szerelmi,love
lehetőséggel,with the opportunity
euró,euro
szokatlan,unusual
sokak,many
kiválóan,perfectly
még,even
amerikai,American
szabály,rule
menjen,go
legismertebb,best-known
döntések,decisions
lakott,inhabited
konferencián,conference
ipar,industry
döntése,decision
pedagógusok,educators
segített,helped
eredő,resulting
belépni,enter
tartok,I am holding
engedi,allow
láthatjuk,we can see
maguknak,to themselves
gergely,Gregory
érdemi,meaningful
felirat,subtitle
elmegy,go away
szoktak,used to
látvány,spectacle
soha,never
lista,list
világosan,clear
elégedett,satisfied
aligha,hardly
magadat,yourself
otthont,home
többség,majority
ellenzéki,opposition
mostantól,from now on
kerek,wheel
szív,heart
ottani,there
kollektív,collective
máskor,another time
költségeit,cost
korszak,era
hatékonyan,effectively
doboz,box
középfokú,intermediate
ajánlatot,bid
lépj,move on
kimaradt,missed
használták,was used
háttér,background
nevezzük,be called
kísérlet,experiment
gondol,think
életünk,our lives
támogatását,support
feltétel,condition
bővült,expanded
legalább,at least
méghozzá,and
barát,friend
címzett,addressee
megegyezik,agree
tiszteletben,in respect
törölni,delete
tervezi,plan
amennyit,as much as
bekövetkezett,occurred
mutatnak,show up
aludni,to sleep
emberekkel,with people
iratkozz,enroll
rendezvények,events
véleményük,their opinion
iskolát,school
nemigen,not really
bocs,sorry
másrészt,on the other hand
jogos,legitimate
nyafogók,whispers
egyetemes,universal
színek,colors
lemezt,disk
papír,paper
megtalálni,to find
meghatározza,define
nyarán,in the summer
látogatók,visitors
jelentőségű,importance
ténylegesen,de facto
házak,houses
hivatásos,professional
kórház,hospital
szolgáltatási,service
mögötte,behind
színpadon,on stage
hétköznapi,coastal
jelentek,are reported
kutató,researcher
működni,to work
garanciával,with a guarantee
ajánlat,bid
érni,to ripen
ház,house
miközben,while
olimpiai,Olympic
jelentkezők,applicants
gyerekeket,children
esetenként,Sometimes
vad,prosecution
etikai,ethical
párhuzamos,parallel
netán,or even
hová,where
támadó,assailant
leggyakrabban,most often
meghatározni,to determine
egyetlen,single
index,index
fokozott,enhanced
páros,pair
beszélek,I speak
látszólag,apparently
együttműködési,cooperation
fordítás,translation
nemsokára,soon
alkalmasak,they are suitable
egyrészt,on the one hand
tulajdonát,property
hivatott,dedicated
macska,cat
Pentium,Pentium
fejlődését,evolve
szeretni,to love
történetében,in his story
vizsgálatot,test
másnak,to another
teljesítményű,power
szintén,also
rendőrök,police
egységek,units
ekkora,such
bejegyzett,registered
cím,title
csoportot,group
csinált,made
egyeztetés,coordination
érkeztek,have arrived
szolgált,served
elmaradt,missed
szabályai,rules
helyek,places
folyóirat,magazine
kelljen,have to
mielőtt,before
tevékenységének,work
vágott,cut
korabeli,contemporary
adok,I give
külön,separate
külön,separate
fizet,pay
tudnám,I would know
roppant,enormous
ugyan,in
regény,novel
tört,fractured
lánya,her daughter
belépés,entry
weboldal,website
gyermeket,child
liberális,liberal
középső,middle
fordítani,translate
tipikus,typical
fájdalom,pain
lakik,live
kedve,mood
aratott,elaborate
apa,father
szerény,modest
látogatói,visitor
lehetőségei,capabilities
személyiség,personality
alapját,base
szünet,break
álom,dream
alelnöke,vice -president
őszintén,honestly
elegáns,well groomed
voltál,you were
régebben,in the past
Zsuzsa,Zsuzsa
arca,face
éltek,they lived
rendszerét,system
fal,wall
szándékosan,intentionally
ELTE,ELTE
végleg,permanently
tudatosan,consciously
vala,was
szerette,loved
szeretném,I would like to
határozatot,a decision
itt,here
vehet,can take
negyven,forty
születik,be born
Iván,Ivan
növény,plant
szolgálatot,service
segítik,help
tért,convert
szomszéd,neighbor
beruházások,investments
építészeti,architectural
zsidók,Jews
intelligens,intelligent
gyilkos,killer
fegyveres,armed
csak,just
kérlek,please
írsz,you write
problémája,problem
eléri,reach
idejét,time
mennyiségben,quantity
magamat,myself
Magyarországra,to Hungary
támad,attack
jártak,have been to
oktató,instructor
moderátor,moderator
szükségünk,We need
kereskedelem,commerce
közösségek,communities
polgári,civil
eltérés,deviation
ezentúl,from now on
tengeri,maritime
sziget,island
ahova,where
főleg,mainly
mindketten,both
függvényében,depending on
jelet,signal
Németország,Germany
biblia,Bible
szabályait,rules
minta,sample
válaszol,answer
munkaügyi,labor
egyetértek,I agree
lassan,slowly
idegenforgalmi,tourist
művészek,artists
roma,Rome
megoldásokat,solutions
lemezen,on a plate
békés,peaceful
megengedett,permitted
csoportja,group
tudósok,scientists
felvett,recorded
etnikai,ethnic
beszélgetni,to talk
nélkülözhetetlen,indispensable
fogalom,concept
kábel,cable
színe,color
meghirdetett,announced
útja,way
MIÉP,Miép
szívvel,heart
áru,merchandise
folyton,always
matematikai,mathematical
hold,moon
erőszak,violence
írások,writings
mindig,always
hozzáférhető,accessible
együttesen,together
újra,again
jele,sign
USB,USB
tessék,do
emeleti,upstairs
adjuk,we'll add
megakadályozza,prevent
kezdték,they started
folyamatot,process
házasság,marriage
pedagógus,educator
játékban,in play
győztes,winner
általános,general
állított,set
futott,heated
pillanatra,for a moment
teheti,can make
genetikai,genetic
ahol,where
módszert,method
fejlesztések,developments
tavaly,last year
legnépszerűbb,the most popular
őket,them
időpont,time
méltatlan,unworthy
utasításokat,instructions
sose,never
adtam,I gave
szórakoztató,entertaining
fényes,bright
reális,realistic
csata,battle
keresik,look for
szakértő,expert
viszony,relationship
elmondani,to tell
mentes,rescue
előttem,in front of me
labdát,ball
munkáltató,employer
mágikus,magical
publikus,public
bevált,proven
pécsi,Pécs
kereszténység,Christianity
fogyasztók,consumers
vehetnek,they can take
bajom,trouble
csináltam,I did
viseli,be wearing
szerződésben,in contract
adható,adequate
teremtett,created
megtenni,to do
Rákóczi,Rákóczi
esély,chance
teljesíteni,complete
utas,passenger
kezdete,beginning
mutatkozik,show up
küzdelem,struggle
kialakítani,to form
ügyek,affairs
néni,aunt
sátánizmus,Satanism
mennyisége,quantity
intézet,Institute
jönni,to come
csakhogy,but
bérleti,lease
ponton,point
másokkal,with others
szállítási,transport
nemrégiben,recently
megérkezett,arrived
tudjon,be aware
ismer,know
étterem,restaurant
náluk,with them
körbe,round around
előírások,regulations
televízió,television
ellenség,enemy
elvégezni,to make
elmélet,theory
feszültség,tension
kezdetét,onset of
ajándék,gift
senki,nobody
szerencsétlen,unfortunate
eme,eme
változnak,change
már,already
nyertes,winner
hatálya,scope
máig,until today
életerő,vitality
keret,frame
bejelentés,notification
díjak,fees
kettőt,two
közönséget,audience
tehető,doable
írjon,Write
gyakorolt,practiced
nyolcvanas,eighty
filmeket,movies
Márton,Martin
munkában,at work
előtérbe,to the forefront
belőlük,from them
ellenőrizd,check
személyében,personally
korrekt,correct
vizuális,visual
Veszprém,Veszprém
azaz,say
szerezte,acquired
szörnyű,horrible
végzik,be done
értékelése,evaluation
percre,minutes
termelési,production
ugye,right
baja,trouble
fejében,in his head
objektív,objective
érdekelne,be interested in
kaphat,can get
jobboldali,right-sided
tanácsadó,consultant
végét,end
ugyanezt,the same
kreatív,creative
gyártott,made
szolgáltatók,service providers
innen,from here
esztétikai,aesthetic
vezeték,wire
rendszerbe,into the system
egyesek,some
parlament,parliament
városi,urban
munkára,to work
különbségek,differences
emberrel,man
találjuk,we'll find
figyelmen,ignore
kamera,camera
rendezik,be arranged
nevezték,named
menü,menu
rendelt,ordered
idejében,in time
finn,Finnish
komplett,complete
legközelebbi,nearest
szélén,selenium
igazságot,truth
egyforma,same
mindenekelőtt,first of all
kis,small
keményen,hard
tervet,plan
valamiért,for something
akadt,have
eltérően,unlike
ugyanez,the same
élet,life
izraeli,Israeli
próbálják,try to
információs,information
sziasztok,Hello
gondosan,carefully
hallott,heard
gyakrabban,more often
fórumok,forums
akinek,to whom
ellenőrzése,checking
tisztelettel,Sincerely
levegőt,air
történtek,happened
azokban,in those
filozófiai,philosophical
egyből,from
gyerekeknek,for kids
eseményeket,events
részeként,as part of
maradék,residual
közzétett,published
küld,send
helyezkedik,be located
tölt,Charge
több,more
amatőr,amateur
remény,hope
országos,national
tegyük,let's do
alkalmazzák,applied
alig,barely
percet,minute
bizottsági,committee
célokra,for purposes
erdő,forest
végi,end
számolni,count
enyhén,slightly
akartak,they wanted
telefonszámon,by phone number
polgárok,citizens
üzemi,operating
magányos,lonely
személyt,person
gyakorlatok,exercises
környező,surrounding
intézkedéseket,measures
megjegyzést,comment
fekete,black
képviseli,represents
tagjait,members
honlapunk,our website
helyről,from a place
színésznő,actress
támogatni,to support
művelődési,cultural
belülről,from within
kiépítése,construction
minthogy,as
hatodik,sixth
adódik,occur
lét,being
gondolt,thought
filozófia,philosophy
sűrű,dense
kampány,campaign
munkavállalók,workers
kérelmet,request
hozzád,to you
telken,plot
lelke,soul
tölteni,to fill
győzelem,victory
tetszőleges,arbitrary
oldalain,sides
felvenni,to pick up
keresem,my request
boldogság,happiness
vállalkozói,entrepreneurial
tulajdonában,owned
amelyekkel,with which
amellett,besides
szíve,heart
nyelvtani,grammatical
jelentik,report
önt,you
vizsgálati,examination
hulladék,waste
kívánják,they wish
infrastruktúra,infrastructure
gimnázium,high school
kérelem,application
nagymértékben,highly
válhat,become
gondok,troubles
nálunk,with us
mértékét,the degree of
ajánlom,I recommend
találat,hit
mozi,cinema
módosítani,to modify
háborús,war
passzív,passive
tisztelt,respected
fogadni,receive
vezetnek,drive
engedélye,permission
elérése,reach
változásokat,changes
benneteket,you
erőteljes,powerful
veszek,I buy
léteznek,exist
nézd,look
növekedett,grew
üzenetek,messages
legutolsó,last
adódó,resulting
ügyet,affect
térben,in space
problémákkal,with problems
ügyfelek,clients
szokták,used to
sátánista,Satanist
nevére,in the name of
képzésben,in training
így,so
jutó,reward
államok,states
működés,operation
területre,to the area
látunk,we see
zseniális,brilliant
legyek,flies
formáját,shape
analóg,analogue
keresés,search
beszámoló,report
tizenkét,twelve
generációs,generation
veszély,danger
részre,part
videó,video
teljesítménye,performance
soros,serial
egyenként,one by one
ügyfél,client
vizsgálja,examine
sértő,insulting
történetet,story
nagyban,largely
hatékonyabb,more efficient
magán,private
örökké,forever
legyünk,let's be
védelmet,protection
némileg,somewhat
szemében,in his eyes
helyettes,deputy
háromszor,three times
időpontban,at time
munkájának,work
számítanak,are counted
lapon,sheet
eredeti,original
tisztességes,decent
hiány,deficit
településen,settlement
társadalomban,in society
németek,Germans
teremt,create
vállalkozók,entrepreneurs
fegyelmi,disciplinary
mondván,saying
parti,coastal
vállalta,have taken
csökkenteni,to reduce
létszám,headcount
hasonló,similar
dolgozom,I work
embere,man
egészségügyi,health
vártam,I was waiting for
értettem,I understood
faluban,in the village
miatti,because of
ünnepélyes,solemn
kaland,adventure
jogait,rights
kormány,government
megállapítani,to determine
vonatkoznak,subject to
kívánnak,they wish
rendszerének,system
eszköze,asset
megbeszéléseket,to make discussions
ezeknek,these
miért,Why
asztal,table
generálódott,generated
vállalni,to take
mutatni,to show
benyújtani,to submit
adót,tax
megteheti,can do it
támogatta,supported
jelenthet,may be
feljebb,up
téma,topic
korlátlan,unlimited
javítás,repair
megtalálhatók,can be found
elit,elite
milliós,millions
falusi,village
informatika,it
gombot,button
kedvezményes,discounted
tények,facts
nézők,viewers
példányban,in a copy
sors,fate
tegyen,make
követve,as follows
festett,painted
tudatában,in mind
vonzó,attractive
attól,from
időtartama,duration
lányt,girl
keresnek,they are looking for
kategóriába,into category
akarták,they wanted
ennél,at
szándékkal,with intent
irány,direction
megkapta,got it
tanárral,with a teacher
ízben,tasty
koncepció,concept
teremteni,to create
cserébe,in exchange
tehetsz,you can do
alkalmat,occasion
korábban,earlier
stílusban,in style
sebeztél,vulnerable
kifejezésére,to express
fejezte,chanted
hagy,let
önök,you
állapotú,condition
formát,shape
szeretnék,I would like to
kívülről,from outside
tanácsadó,consultant
német,German
állampolgárok,citizens
eszközt,asset
legalábbis,at least
szociális,social
számítani,calculate
londoni,London
telek,plot
változatlan,unchanged
fizika,physics
rovatunkban,in our box
projektek,projects
másokat,others
fogadott,adopted
fehér,white
szubjektív,subjective
tedd,do
kapcsolatosan,in connection with
tudtunk,we knew
horvát,Croatian
irodai,office
októberében,In October
láthatóan,apparently
automata,automatic
használatos,useful
felépítése,structure
általad,by you
szintet,level
amennyire,as
menet,round
kapu,gate
tán,perhaps
játszódik,play
amelyhez,to which
változatát,version
jobb,right
családban,in the family
nos,married
törekszik,strive
szükségük,they need
elemeket,elements
karavánnak,to caravan
anyaga,material
tartalmáért,for its content
szabályzat,regulations
négy,four
kapok,I get
titokzatos,mysterious
turisztikai,tourist
hálózaton,on the network
különbözik,differ
dönteni,to decide
televíziós,television
egyedül,alone
helyzetű,positioned
írják,write
csinálja,do
uram,sir
visszatér,return
szavakkal,in words
ellenőrző,controlling
egyházak,churches
barokk,Baroque
időkben,in time
elnevezésű,named
barátságos,friendly
alatta,under
kötni,bind
résztvevői,participants
világbajnok,world champion
alkotások,works
bekezdésének,paragraph
énekes,singer
díja,fee
szerzője,author
sora,queue
láttuk,we saw
kétféle,two
növelése,increase
forrás,source
csoportban,in group
hallgat,listen
adj,give
egyszerű,simple
képesség,ability
hangon,tone
küldte,sent
fennálló,existing
hónapokban,in months
sikere,success
nőnek,grow
magáról,about yourself
jelzett,indicated
forgó,rotary
szeptember,September
fiatalember,young man
próbáljuk,we'll try
felhasználónak,to the user
bölcs,sage
elkészítése,preparation
vissza,back
szervezésében,organized
állt,stand
válaszokat,answers
hozzák,bring
előnyben,advantage
hír,news
emelte,raised
szenved,suffer
emailt,e -mail
megoldható,solved
fejlesztését,to develop
hívták,was called
karácsonyi,Christmas
használó,user
előrehaladást,advance
gyermekei,his children
színpadra,on stage
világra,world
könyvtári,library
potenciális,potential
hiba,fault
kívánunk,We wish you
tudat,consciousness
enyhe,mild
busz,bus
svájci,Swiss
álljon,stand
valaki,someone
herceg,prince
tudnék,I would know
zajló,undergoing
elképzelni,to imagine
ítélet,verdict
moderátor,moderator
időjárás,weather
alap,basis
sokkal,much
élén,at the head
sajnálom,I'm sorry
szentlélek,Holy Spirit
tízezer,ten thousand
képzést,training
fejlesztésére,to develop
augusztus,August
félre,aside
inkább,rather
hangos,loud
elnökség,presidency
atya,father
terhes,pregnant
idézi,quotes
szelíd,gentle
megérteni,understand
biztosítják,are secured
listán,list
zárja,close
nézi,look
vizsgát,exam
közbeszerzési,procurement
divat,fashion
mellesleg,incidentally
gazdálkodó,farmer
elemei,elements
másik,another
születtek,were born
ismeretében,in knowing
mondok,I say
lakást,apartment
kilencvenes,nineties
bajnokság,championship
részei,parts
környezetvédelmi,environmental
bírja,can
fogyasztás,consumption
tábla,board
igazolja,justify
munkájában,in his work
hétfő,Monday
rosszat,evil
eldönteni,to decide
központja,center
megszületett,was born